Suggestion,semantic_cluster
1992 olympic games ray ban,1992 olympic games ray ban
1992 olympic games weightlifting,1992 olympic games ray ban
olympic games weightlifting 2021,1992 olympic games ray ban
olympic games weightlifting schedule,1992 olympic games ray ban
asian games medal tally wiki,asian games medal tally wiki
olympic gold medal count per capita,asian games medal tally wiki
olympic gold medal count today,asian games medal tally wiki
cost of olympics,cost of olympics
tokyo olympic games cost,cost of olympics
games on ps4 for free,games on ps4 new
games on ps4 new,games on ps4 new
games online free on,games on ps4 new
games xbox 360 free,games on ps4 new
the best games on ps4,games on ps4 new
game nintendo switch sonic,games sonic and mario
games sonic and mario,games sonic and mario
mario and sonic 2012 olympic games 3ds,games sonic and mario
mario sonic olympic games wii iso,games sonic and mario
what games are on wii u,games sonic and mario
games for 3 players iphone,games with 4 players
games with 4 players,games with 4 players
games xbox one x,games xbox one x
the game xbox one,games xbox one x
the simpsons game xbox one,games xbox one x
10 olympic games name,olympic games
1896 olympic games facts,olympic games
1980 olympic games facts,olympic games
1988 olympic games facts,olympic games
1992 olympic games facts,olympic games
1996 olympic games facts,olympic games
3 summer olympic games,olympic games
32 olympic games 2020,olympic games
3rd youth olympic games,olympic games
4 types of olympic games,olympic games
400m olympic games tokyo 2021,olympic games
49er olympic games tokyo 2021,olympic games
57kg olympic games tokyo 2020,olympic games
800m olympic games tokyo 2021,olympic games
activities in olympics,olympic games
all olympic games logo,olympic games
any 5 olympic games,olympic games
asterix olympic games movie,olympic games
asterix olympic games xbox 360,olympic games
australia olympic games record,olympic games
b&g olympic games munich 1972,olympic games
baseball olympics history,olympic games
best family olympic games,olympic games
china olympic games rio 2016,olympic games
china olympic games tokyo 2020 video,olympic games
cities of olympic games,olympic games
games for office olympics,olympic games
games for olympics,olympic games
how many olympic games list,olympic games
is volleyball in olympics,olympic games
japan olympic games list,olympic games
junior olympic games organization,olympic games
karate olympic games tokyo 2021,olympic games
kid olympic game ideas,olympic games
london 2012 olympic games xbox one,olympic games
mario sonic olympic games wiki,olympic games
mexico vs olympic games,olympic games
modern olympic games wiki,olympic games
most olympic games appearances australia,olympic games
most watched olympics sports,olympic games
new zealand olympic games 2016,olympic games
next olympic games winter,olympic games
old olympic games facts,olympic games
olympic 2028 location,olympic games
olympic 5 games,olympic games
olympic craft ideas,olympic games
olympic game brazil vs,olympic games
olympic game games 2012,olympic games
olympic game ideas for adults,olympic games
olympic game ideas for youth,olympic games
olympic game locations,olympic games
olympic game poki,olympic games
olympic game zoo,olympic games
olympic games,olympic games
olympic games 100m 2016,olympic games
olympic games 1896,olympic games
olympic games 1968,olympic games
olympic games 1968 black power,olympic games
olympic games 1972,olympic games
olympic games 1976,olympic games
olympic games 1980 boycott,olympic games
olympic games 2000,olympic games
olympic games 2000 tennis,olympic games
olympic games 2008 basketball,olympic games
olympic games 2008 opening ceremony,olympic games
olympic games 2008 table,olympic games
olympic games 2012 facts,olympic games
olympic games 2016,olympic games
olympic games 2016 boxing,olympic games
olympic games 2016 marathon,olympic games
olympic games 2016 medal table,olympic games
olympic games 2016 nba,olympic games
olympic games 2016 serbia,olympic games
olympic games 2016 swimming,olympic games
olympic games 2016 volleyball,olympic games
olympic games 2016 water polo,olympic games
olympic games 2016 women's soccer,olympic games
olympic games 2020,olympic games
olympic games 2020 hindi,olympic games
olympic games 2020 hockey,olympic games
olympic games 2020 jumping,olympic games
olympic games 2020 live,olympic games
olympic games 2020 medals,olympic games
olympic games 2020 online free,olympic games
olympic games 2020 ps4 demo,olympic games
olympic games 2020 ps4 review,olympic games
olympic games 2020 running,olympic games
olympic games 2020 schedule,olympic games
olympic games 2020 soccer,olympic games
olympic games 2020 volleyball,olympic games
olympic games 2021,olympic games
olympic games 2021 3x3,olympic games
olympic games 2021 4k,olympic games
olympic games 2021 badminton,olympic games
olympic games 2021 basketball,olympic games
olympic games 2021 boxing,olympic games
olympic games 2021 climbing,olympic games
olympic games 2021 cycling,olympic games
olympic games 2021 decathlon,olympic games
olympic games 2021 diving,olympic games
olympic games 2021 dressage,olympic games
olympic games 2021 end date,olympic games
olympic games 2021 equestrian,olympic games
olympic games 2021 fencing,olympic games
olympic games 2021 figure skating,olympic games
olympic games 2021 football,olympic games
olympic games 2021 greece,olympic games
olympic games 2021 handball,olympic games
olympic games 2021 hockey,olympic games
olympic games 2021 in japan,olympic games
olympic games 2021 india,olympic games
olympic games 2021 japan,olympic games
olympic games 2021 javelin,olympic games
olympic games 2021 judo,olympic games
olympic games 2021 jumping,olympic games
olympic games 2021 live,olympic games
olympic games 2021 men's gymnastics,olympic games
olympic games 2021 online free,olympic games
olympic games 2021 ps4,olympic games
olympic games 2021 ranking,olympic games
olympic games 2021 roc,olympic games
olympic games 2021 russia,olympic games
olympic games 2021 soccer,olympic games
olympic games 2021 swimming,olympic games
olympic games 2021 tennis,olympic games
olympic games 2021 tokyo,olympic games
olympic games 2021 uk,olympic games
olympic games 2021 usa gymnastics,olympic games
olympic games 2021 video,olympic games
olympic games 2021 volleyball,olympic games
olympic games 2021 water polo,olympic games
olympic games 2021 weightlifting,olympic games
olympic games 2021 wiki basketball,olympic games
olympic games 2021 youtube,olympic games
olympic games 2022 australia,olympic games
olympic games 2022 sites,olympic games
olympic games 2022 usa,olympic games
olympic games 2024,olympic games
olympic games 2024 equestrian,olympic games
olympic games 2024 karate,olympic games
olympic games 2024 volunteer,olympic games
olympic games 2028 tickets,olympic games
olympic games 3rd,olympic games
olympic games 3x3,olympic games
olympic games 3x3 live,olympic games
olympic games 5 km,olympic games
olympic games 50p,olympic games
olympic games 776 bc,olympic games
olympic games 800m,olympic games
olympic games 80s,olympic games
olympic games 84,olympic games
olympic games 92,olympic games
olympic games 94,olympic games
olympic games 96,olympic games
olympic games abbreviation,olympic games
olympic games alabama,olympic games
olympic games all results,olympic games
olympic games ancient,olympic games
olympic games and cold war,olympic games
olympic games art ideas,olympic games
olympic games athens,olympic games
olympic games australia,olympic games
olympic games australia 1956,olympic games
olympic games australia schedule,olympic games
olympic games australian tv,olympic games
olympic games barcelona,olympic games
olympic games begin in,olympic games
olympic games berlin hitler 1936,olympic games
olympic games boycott,olympic games
olympic games boycott 1980,olympic games
olympic games brazil,olympic games
olympic games brazil 2016,olympic games
olympic games brazil 2021,olympic games
olympic games brazil team,olympic games
olympic games capitalized,olympic games
olympic games channel,olympic games
olympic games china,olympic games
olympic games china 2008,olympic games
olympic games china 2022 medals,olympic games
olympic games class 5,olympic games
olympic games classroom activities,olympic games
olympic games colorado,olympic games
olympic games cycling results,olympic games
olympic games dates,olympic games
olympic games day 6,olympic games
olympic games doodle,olympic games
olympic games doodle 2021,olympic games
olympic games doodle game,olympic games
olympic games easy english,olympic games
olympic games economic impact,olympic games
olympic games esports,olympic games
olympic games essay,olympic games
olympic games essay in hindi,olympic games
olympic games essay topics,olympic games
olympic games events now,olympic games
olympic games every 4 years,olympic games
olympic games facts ks1,olympic games
olympic games first,olympic games
olympic games first year,olympic games
olympic games flag symbol,olympic games
olympic games football wiki,olympic games
olympic games for adults,olympic games
olympic games for the classroom,olympic games
olympic games for toddlers,olympic games
olympic games for youth,olympic games
olympic games founded,olympic games
olympic games france 2024,olympic games
olympic games full results,olympic games
olympic games game 2020,olympic games
olympic games game pc,olympic games
olympic games georgia,olympic games
olympic games golf,olympic games
olympic games google game,olympic games
olympic games gymnastics,olympic games
olympic games gymnastics live,olympic games
olympic games gymnastics schedule,olympic games
olympic games gymnastics wiki,olympic games
olympic games handball wiki,olympic games
olympic games history hindi,olympic games
olympic games history medals,olympic games
olympic games history timeline,olympic games
olympic games history video,olympic games
olympic games horse jumping,olympic games
olympic games ice skating 2021,olympic games
olympic games in 2024,olympic games
olympic games in berlin,olympic games
olympic games in greek,olympic games
olympic games in mexico,olympic games
olympic games in ww2,olympic games
olympic games india wiki,olympic games
olympic games indian winners,olympic games
olympic games jam beijing,olympic games
olympic games japan 2021,olympic games
olympic games japan 2021 live,olympic games
olympic games javelin throw,olympic games
olympic games jobs,olympic games
olympic games judo,olympic games
olympic games judo live,olympic games
olympic games jump record,olympic games
olympic games jumping,olympic games
olympic games ks2,olympic games
olympic games kya h,olympic games
olympic games la 2028,olympic games
olympic games lillehammer 1994,olympic games
olympic games list 2012,olympic games
olympic games list 2022,olympic games
olympic games list countries,olympic games
olympic games list in kannada,olympic games
olympic games list in pdf,olympic games
olympic games list in urdu,olympic games
olympic games list india,olympic games
olympic games list pdf,olympic games
olympic games list summer,olympic games
olympic games list tamil,olympic games
olympic games list tokyo 2020,olympic games
olympic games live usa,olympic games
olympic games logo,olympic games
olympic games los angeles,olympic games
olympic games marathon results,olympic games
olympic games mario and sonic,olympic games
olympic games mascots,olympic games
olympic games meaning urdu,olympic games
olympic games medal table wiki,olympic games
olympic games mexico,olympic games
olympic games mexico 68,olympic games
olympic games mexico soccer,olympic games
olympic games munich,olympic games
olympic games name,olympic games
olympic games names,olympic games
olympic games nes,olympic games
olympic games new events,olympic games
olympic games new york,olympic games
olympic games new zealand,olympic games
olympic games next,olympic games
olympic games next 2024,olympic games
olympic games next locations,olympic games
olympic games nintendo,olympic games
olympic games of 1936,olympic games
olympic games on ice,olympic games
olympic games online,olympic games
olympic games online y8,olympic games
olympic games opening ceremony,olympic games
olympic games opening ceremony 2022,olympic games
olympic games opening ceremony wiki,olympic games
olympic games origin,olympic games
olympic games party,olympic games
olympic games past venues,olympic games
olympic games picture dictionary,olympic games
olympic games ps4,olympic games
olympic games ps5,olympic games
olympic games queen james bond,olympic games
olympic games quotes,olympic games
olympic games ranking 1988,olympic games
olympic games removed,olympic games
olympic games results,olympic games
olympic games results 2020,olympic games
olympic games results 2022,olympic games
olympic games results canada,olympic games
olympic games results live,olympic games
olympic games results medals,olympic games
olympic games results nz,olympic games
olympic games rio 2016 judo,olympic games
olympic games running,olympic games
olympic games running 100m,olympic games
olympic games schedule,olympic games
olympic games sites,olympic games
olympic games sites by year,olympic games
olympic games ski jumping,olympic games
olympic games song 2020,olympic games
olympic games sponsors,olympic games
olympic games sport new,olympic games
olympic games sport types,olympic games
olympic games sports 2022,olympic games
olympic games sports names,olympic games
olympic games survived since 776 bc,olympic games
olympic games swimming 1996,olympic games
olympic games switch,olympic games
olympic games switch game,olympic games
olympic games switch review,olympic games
olympic games sydney 2000,olympic games
olympic games terrorist attack,olympic games
olympic games tokyo 2020 china gold,olympic games
olympic games tokyo 2020 game ps4,olympic games
olympic games tokyo 2020 judo,olympic games
olympic games tokyo 2020 kenya,olympic games
olympic games tokyo 2020 switch,olympic games
olympic games tokyo 2021 australia,olympic games
olympic games tokyo 2021 day 1,olympic games
olympic games tokyo 2021 gymnastics,olympic games
olympic games tokyo 2022,olympic games
olympic games tokyo online game,olympic games
olympic games tokyo usa,olympic games
olympic games tune,olympic games
olympic games tv viewership,olympic games
olympic games us,olympic games
olympic games us tv,olympic games
olympic games usa france,olympic games
olympic games usa host,olympic games
olympic games vancouver,olympic games
olympic games venues 2028,olympic games
olympic games video game 2020,olympic games
olympic games volleyball live,olympic games
olympic games volleyball tokyo 2020,olympic games
olympic games volunteer,olympic games
olympic games weightlifting,olympic games
olympic games weightlifting 2016,olympic games
olympic games wii,olympic games
olympic games wiki,olympic games
olympic games wiki medals,olympic games
olympic games wiki winter,olympic games
olympic games winners,olympic games
olympic games winners list,olympic games
olympic games winter,olympic games
olympic games winter 1956,olympic games
olympic games word meaning,olympic games
olympic games ww2,olympic games
olympic games xbox,olympic games
olympic games xbox 1,olympic games
olympic games xbox 360,olympic games
olympic games year list,olympic games
olympic games years,olympic games
olympic games youth,olympic games
olympic games youtube,olympic games
olympic games zeus,olympic games
olympic games zoom,olympic games
olympic ice sports list,olympic games
olympic indoor games list,olympic games
olympic medal counts,olympic games
olympic party games adults,olympic games
olympic qualifying games,olympic games
olympic sports games list,olympic games
olympic summer games 96,olympic games
olympic summer games canada,olympic games
olympic summer games football,olympic games
olympic summer games medals,olympic games
olympic winter games 1924,olympic games
olympic winter games bbc,olympic games
olympic winter games curling,olympic games
olympic winter games hosts,olympic games
olympic winter games past,olympic games
olympic winter games quiz,olympic games
olympic winter games us,olympic games
olympic+games+list,olympic games
olympics art activities,olympic games
olympics games esports,olympic games
olympics schedules,olympic games
olympics x games,olympic games
paralympic games,olympic games
paralympic games china,olympic games
paralympic games japan,olympic games
paralympic games russia,olympic games
paralympic games tokyo,olympic games
rio 2016 olympic games volleyball,olympic games
rio olympic games on 2016,olympic games
special olympics fall games,olympic games
special olympics games,olympic games
special olympics games 2022,olympic games
special olympics games 2026,olympic games
special olympics games orlando,olympic games
special olympics usa games tv,olympic games
special olympics video game,olympic games
special olympics world games 2021,olympic games
special olympics world games results,olympic games
summer olympic games 2008,olympic games
summer olympic games at home,olympic games
summer olympic games golf,olympic games
summer olympic games india,olympic games
summer olympic games tennis,olympic games
summer olympic games usa,olympic games
the games rome,olympic games
the olympic games essay,olympic games
the olympic games facts,olympic games
us equestrian olympic games tokyo 2020,olympic games
us women's olympic games,olympic games
usa olympic games history,olympic games
volleyball at olympic games 2020,olympic games
volleyball olympic games tokyo 2020 pool b,olympic games
what olympic games did ancient greek play,olympic games
where were the olympic games,olympic games
who started special olympics games,olympic games
winners of olympics,olympic games
winter olympic games are,olympic games
x games summer olympics,olympic games
xvi paralympic games,olympic games
youth olympic games opening ceremony,olympic games
2012 olympic games opening ceremony video,olympic games 2021 judo live
australia olympic games opening ceremony,olympic games 2021 judo live
olympic games 2020 opening ceremony,olympic games 2021 judo live
olympic games 2020 opening ceremony video,olympic games 2021 judo live
olympic games 2021 gymnastics live,olympic games 2021 judo live
olympic games 2021 judo live,olympic games 2021 judo live
olympic games 2021 karate live,olympic games 2021 judo live
olympic games 2021 volleyball live,olympic games 2021 judo live
olympic games 2022 opening ceremony order,olympic games 2021 judo live
olympic games live stream free,olympic games 2021 judo live
olympic games live stream india,olympic games 2021 judo live
olympic games opening ceremony 2021 time,olympic games 2021 judo live
olympic games opening ceremony music,olympic games 2021 judo live
olympic games opening ceremony tokyo 2020,olympic games 2021 judo live
olympic games opening ceremony watch live,olympic games 2021 judo live
olympic games tokyo opening ceremony full,olympic games 2021 judo live
olympic games 2021 basketball 3x3 live,olympic games beach volleyball live
olympic games beach volleyball live,olympic games beach volleyball live
olympic winter games beijing 2022 live,olympic games beach volleyball live
olympic games schedule india,olympic games schedule india
olympic games tokyo 2020 4x100 relay,olympic games schedule india
olympic games tokyo 2020 winner in india,olympic games schedule india
new zealand olympic games medals 2021,olympic gold medal count 2022
olympic games tokyo 2020 medals neeraj chopra,olympic gold medal count 2022
olympic games tokyo 2020 medals tunisia,olympic gold medal count 2022
olympic gold medal count 2022,olympic gold medal count 2022
olympic rings facts,olympic rings facts
olympics 5 circles mean,olympic rings facts
what are the 5 olympic rings,olympic rings facts
olympic games 2021 archery,paralympic games archery
paralympic games archery,paralympic games archery
games for preschoolers computer,the best games for 6 year olds
the best games for 6 year olds,the best games for 6 year olds
the game dragon ball z,the game x
the game jay z,the game x
the game x,the game x
the game z,the game x
game of thrones x reader,the hunger games movie 4
hunger games movies in order,the hunger games movie 4
the hunger games essay topics,the hunger games movie 4
the hunger games movie 1,the hunger games movie 4
the hunger games movie 4,the hunger games movie 4
the hunger games movie cast,the hunger games movie 4
the hunger games movie free,the hunger games movie 4
the hunger games movies like,the hunger games movie 4
the hunger games name ideas,the hunger games movie 4
the hunger games online free,the hunger games movie 4
the hunger games quote burn,the hunger games movie 4
the hunger games x reader,the hunger games movie 4
the walking dead game x reader,the hunger games movie 4
the x files game,the x game math
the x game math,the x game math
the x games compete,the x game math
first ever paralympic games,the x games 2022
first winter paralympic games,the x games 2022
how many paralympics have there been,the x games 2022
next paralympic games 2024,the x games 2022
paralympic classification list,the x games 2022
paralympic games 1964,the x games 2022
paralympic games 1980,the x games 2022
paralympic games 1988,the x games 2022
paralympic games 2016 dates,the x games 2022
paralympic games 2016 wiki,the x games 2022
paralympic games 2020 live,the x games 2022
paralympic games 2021 news,the x games 2022
paralympic games 2021 tv,the x games 2022
paralympic games 2022,the x games 2022
paralympic games 2023,the x games 2022
paralympic games 2024,the x games 2022
paralympic games are organised after the completion of,the x games 2022
paralympic games azerbaijan,the x games 2022
paralympic games badminton,the x games 2022
paralympic games basketball,the x games 2022
paralympic games beijing 2022 medals,the x games 2022
paralympic games classes,the x games 2022
paralympic games essay,the x games 2022
paralympic games essay in hindi,the x games 2022
paralympic games every four years,the x games 2022
paralympic games for blind,the x games 2022
paralympic games google doodle,the x games 2022
paralympic games hindi,the x games 2022
paralympic games icon,the x games 2022
paralympic games india,the x games 2022
paralympic games india medals,the x games 2022
paralympic games indonesia,the x games 2022
paralympic games javelin,the x games 2022
paralympic games live,the x games 2022
paralympic games locations,the x games 2022
paralympic games logo,the x games 2022
paralympic games london,the x games 2022
paralympic games malaysia,the x games 2022
paralympic games mascot,the x games 2022
paralympic games medal tally,the x games 2022
paralympic games motto,the x games 2022
paralympic games nbc,the x games 2022
paralympic games net,the x games 2022
paralympic games opening,the x games 2022
paralympic games opening ceremony,the x games 2022
paralympic games rio 2016,the x games 2022
paralympic games score,the x games 2022
paralympic games sponsors,the x games 2022
paralympic games swimming,the x games 2022
paralympic games table,the x games 2022
paralympic games tokyo 2021,the x games 2022
paralympic games tv,the x games 2022
paralympic games uk,the x games 2022
paralympic games video,the x games 2022
paralympic games volleyball,the x games 2022
paralympic games winners,the x games 2022
paralympics unfair games,the x games 2022
special olympics ireland games 2022,the x games 2022
special olympics usa games 2022 virginia,the x games 2022
the x games 2022,the x games 2022
tokyo 2020 paralympic games ranking,the x games 2022
who won paralympic games india,the x games 2022
will paralympic table tennis,the x games 2022
winter paralympic events,the x games 2022
winter paralympic games list,the x games 2022
olympic games 2020 basketball qualifiers,usa olympic basketball history
usa olympic basketball history,usa olympic basketball history
china olympic games tokyo 2020 schedule,when did china last host the olympics
when did china last host the olympics,when did china last host the olympics
x games skate 3,x games skate 3
x games skate park 2021,x games skate 3
x games skate ramp,x games skate 3
x games skateboard crash,x games skate 3
x games skateboarding 2021 winner,x games skate 3
x games skateboarding big air,x games skate 3
asterix at the olympic games wii,zzz_no_cluster
friday the 13th game jason x mod,zzz_no_cluster
games nintendo switch new,zzz_no_cluster
games xbox series s,zzz_no_cluster
gold rush the game xbox one uk,zzz_no_cluster
has australia won the olympics,zzz_no_cluster
is mexico in the olympics,zzz_no_cluster
olympic games 1972 munich massacre,zzz_no_cluster
olympic games 2016 tennis draw,zzz_no_cluster
olympic games 2021 rowing,zzz_no_cluster
olympic games 400m hurdles,zzz_no_cluster
olympic games opening ceremony drones,zzz_no_cluster
olympic karate rules,zzz_no_cluster
olympic record for 50m freestyle,zzz_no_cluster
olympic volleyball game score,zzz_no_cluster
olympics poster ideas,zzz_no_cluster
paralympic games kya hai,zzz_no_cluster
special olympics usa games closing ceremony,zzz_no_cluster
the game zoom,zzz_no_cluster
the hunger games movie download in tamil,zzz_no_cluster
the inheritance games movie 2021,zzz_no_cluster
the life game online free play,zzz_no_cluster
will new york host the olympics,zzz_no_cluster
winter olympic games in kannada,zzz_no_cluster
winter olympic location,zzz_no_cluster
zzz_no_cluster,zzz_no_cluster
